[
  {
    "sid": 0,
    "input_tokens": [
      "For",
      "every",
      "100",
      "females",
      "there",
      "were",
      "90.0",
      "males",
      "."
    ]
  },
  {
    "sid": 1,
    "input_tokens": [
      "ISBN",
      "1-881089-97-5",
      "Scharnhorst",
      ",",
      "Gary",
      ";",
      "Bales",
      ",",
      "Jack",
      "(",
      "1981",
      ")",
      "."
    ]
  },
  {
    "sid": 2,
    "input_tokens": [
      "On",
      "14 June 2014",
      "Lazio",
      "bought",
      "Candreva",
      "outright",
      "for",
      "another",
      "€4 million",
      ",",
      "so",
      "in",
      "total",
      "Lazio",
      "paid",
      "Udinese",
      "€5.7 million",
      "."
    ]
  },
  {
    "sid": 3,
    "input_tokens": [
      "Retrieved",
      "21 May 2013",
      "Decree",
      "Law",
      "17/96",
      ",",
      "8 March 1996",
      "(",
      "in",
      "Portuguese",
      ")",
      "."
    ]
  },
  {
    "sid": 4,
    "input_tokens": [
      "Israeli",
      "Airplay",
      "Chart",
      "."
    ]
  },
  {
    "sid": 5,
    "input_tokens": [
      "Her",
      "dad",
      "tells",
      "her",
      "that",
      "if",
      "Shyam",
      "admits",
      "his",
      "love",
      "to",
      "her",
      "first",
      ",",
      "then",
      "he'll",
      "accept",
      "them",
      "."
    ]
  },
  {
    "sid": 6,
    "input_tokens": [
      "Retrieved",
      "20 January 2010",
      "."
    ]
  },
  {
    "sid": 7,
    "input_tokens": [
      "The",
      "population",
      "density",
      "was",
      "18",
      "people",
      "per",
      "square",
      "mile",
      "(",
      "7/km²",
      ")",
      "."
    ]
  },
  {
    "sid": 8,
    "input_tokens": [
      "For",
      "the",
      "2006",
      "-",
      "07",
      "state",
      "education",
      "budget",
      ",",
      "$10 million",
      "was",
      "allocated",
      "."
    ]
  },
  {
    "sid": 9,
    "input_tokens": [
      "The",
      "racial",
      "makeup",
      "of",
      "the",
      "village",
      "was",
      "99.05%",
      "White",
      ",",
      "0.32%",
      "from",
      "other",
      "races",
      ",",
      "and",
      "0.63%",
      "from",
      "two",
      "or",
      "more",
      "races",
      "."
    ]
  },
  {
    "sid": 10,
    "input_tokens": [
      "Australia",
      "finished",
      "on",
      "7/283",
      ",",
      "consequently",
      "needing",
      "to",
      "restrict",
      "South",
      "Africa",
      "to",
      "less",
      "than",
      "227",
      "to",
      "gain",
      "the",
      "bonus",
      "point",
      "."
    ]
  },
  {
    "sid": 11,
    "input_tokens": [
      "\"",
      "United",
      "Nations",
      "Treaty",
      "Collection",
      ":",
      "Chapter",
      "IV",
      ":",
      "Human",
      "Rights",
      ":",
      "11",
      "."
    ]
  },
  {
    "sid": 12,
    "input_tokens": [
      "The",
      "Thanetian",
      "was",
      "established",
      "by",
      "Swiss",
      "geologist",
      "Eugene",
      "Renevier",
      "in",
      "1873",
      "."
    ]
  },
  {
    "sid": 13,
    "input_tokens": [
      "ISBN",
      "978-0-304-35252-4",
      "Cox",
      ",",
      "Robert",
      "Jon",
      "(",
      "2010",
      ")",
      "."
    ]
  },
  {
    "sid": 14,
    "input_tokens": [
      "\"",
      "Review",
      ":",
      "Vennela",
      "1 1/2",
      "(",
      "Telugu",
      ")",
      "is",
      "loathsome",
      "\"",
      "."
    ]
  },
  {
    "sid": 15,
    "input_tokens": [
      "The",
      "overflight",
      "of",
      "the",
      "Atlantic",
      "—",
      "from",
      "Natal",
      "to",
      "Dakar",
      "—",
      "lasted",
      "11",
      "hours",
      "and",
      "10",
      "minutes",
      "(",
      "1,908 mi",
      "/",
      "3,070 km",
      ")",
      "."
    ]
  },
  {
    "sid": 16,
    "input_tokens": [
      "He",
      "came",
      "to",
      "the",
      "crease",
      "at",
      "4/38",
      "and",
      "scored",
      "34",
      "of",
      "the",
      "next",
      "48",
      "runs",
      "added",
      ",",
      "before",
      "falling",
      "at",
      "7/86",
      "."
    ]
  },
  {
    "sid": 17,
    "input_tokens": [
      "Cameron",
      "Dollar",
      "defeated",
      "Martin",
      "Stapleton",
      "via",
      "submission",
      "(",
      "rear",
      "naked",
      "choke",
      ")",
      "at",
      "1:34",
      "of",
      "round",
      "1",
      "."
    ]
  },
  {
    "sid": 18,
    "input_tokens": [
      "Males",
      "had",
      "a",
      "median",
      "income",
      "of",
      "$39,844",
      "versus",
      "$21,761",
      "for",
      "females",
      "."
    ]
  },
  {
    "sid": 19,
    "input_tokens": [
      "Loeffler",
      "polled",
      "57 percent",
      "of",
      "the",
      "ballots",
      "cast",
      "in",
      "the",
      "campaign",
      "against",
      "Wolff",
      "."
    ]
  },
  {
    "sid": 20,
    "input_tokens": [
      "They",
      "placed",
      "4th",
      "at",
      "2007",
      "Europeans",
      "and",
      "8th",
      "at",
      "Worlds",
      "."
    ]
  },
  {
    "sid": 21,
    "input_tokens": [
      "However",
      "Tannet",
      "died",
      "in",
      "the",
      "early",
      "10th",
      "century",
      "."
    ]
  },
  {
    "sid": 22,
    "input_tokens": [
      "Loving",
      "Healing",
      "Press",
      "(",
      "2011",
      ")",
      "."
    ]
  },
  {
    "sid": 23,
    "input_tokens": [
      "At",
      "2:50 p.m.",
      "local",
      "time",
      ",",
      "a",
      "tornado",
      "warning",
      "was",
      "issued",
      "for",
      "the",
      "speedway",
      "area",
      "and",
      "the",
      "grandstands",
      "were",
      "evacuated",
      "."
    ]
  },
  {
    "sid": 24,
    "input_tokens": [
      "Record",
      "transfer",
      "fee",
      "received",
      ":",
      "£50,000",
      "(",
      "including",
      "add",
      "ons",
      ")",
      "from",
      "NAC",
      "Breda",
      "for",
      "Peter",
      "Thomson",
      ",",
      "1999",
      "."
    ]
  },
  {
    "sid": 25,
    "input_tokens": [
      "She",
      "only",
      "reached",
      "the",
      "quarterfinals",
      "at",
      "one",
      "other",
      "tournament",
      ",",
      "Oklahoma",
      "City",
      ",",
      "where",
      "she",
      "lost",
      "to",
      "Davenport",
      "."
    ]
  },
  {
    "sid": 26,
    "input_tokens": [
      "Dreilinger",
      ",",
      "Danielle",
      "(",
      "October 21, 2015",
      ")",
      "."
    ]
  },
  {
    "sid": 27,
    "input_tokens": [
      "The",
      "34th",
      "Tank",
      "Division",
      "itself",
      "comprised",
      "the",
      "67th",
      "and",
      "68th",
      "Tank",
      "Regiments",
      "and",
      "the",
      "34th",
      "Motor",
      "Rifle",
      "Regiment",
      "."
    ]
  },
  {
    "sid": 28,
    "input_tokens": [
      "An",
      "entirely",
      "new",
      "car",
      ",",
      "the",
      "917/20",
      "was",
      "built",
      "as",
      "test",
      "bed",
      "for",
      "future",
      "CanAm",
      "parts",
      "and",
      "aerodynamic",
      "\"",
      "low",
      "drag",
      "\"",
      "concepts",
      "."
    ]
  },
  {
    "sid": 29,
    "input_tokens": [
      "Cranbury",
      ",",
      "New",
      "Jersey",
      ":",
      "Associated",
      "University",
      "Presses",
      ",",
      "inc",
      "1977",
      "ISBN",
      "0-8387-1972-4",
      "John",
      "Reid",
      "(",
      "2005",
      ")",
      "."
    ]
  },
  {
    "sid": 30,
    "input_tokens": [
      "There",
      "were",
      "1,685",
      "housing",
      "units",
      "at",
      "an",
      "average",
      "density",
      "of",
      "568.2",
      "per",
      "square",
      "mile",
      "(",
      "219.4/km2",
      ")",
      "."
    ]
  },
  {
    "sid": 31,
    "input_tokens": [
      "Bullfinches",
      ",",
      "whitethroats",
      "and",
      "reed",
      "buntings",
      "breed",
      "in",
      "woodland",
      "areas",
      "."
    ]
  },
  {
    "sid": 32,
    "input_tokens": [
      "Faces",
      "is",
      "third",
      "in",
      "a",
      "series",
      "after",
      "Tetris",
      "and",
      "Welltris",
      "."
    ]
  },
  {
    "sid": 33,
    "input_tokens": [
      "By",
      "the",
      "time",
      "the",
      "Chinooks",
      "are",
      "airworthy",
      ",",
      "the",
      "total",
      "cost",
      "of",
      "the",
      "project",
      "could",
      "be",
      "as",
      "much",
      "as",
      "£500m",
      "."
    ]
  },
  {
    "sid": 34,
    "input_tokens": [
      "Prior",
      "to",
      "the",
      "2006",
      "football",
      "season",
      ",",
      "synthetic",
      "FieldTurf",
      "was",
      "installed",
      "at",
      "a",
      "cost",
      "of",
      "$750,000",
      "."
    ]
  },
  {
    "sid": 35,
    "input_tokens": [
      "The",
      "Church",
      "and",
      "some",
      "of",
      "the",
      "building",
      "were",
      "demolished",
      "and",
      "between",
      "1599",
      "and",
      "1601",
      "."
    ]
  },
  {
    "sid": 36,
    "input_tokens": [
      "Series",
      ":",
      "3.14",
      "Vice",
      "President",
      "of",
      "the",
      "United",
      "States",
      "."
    ]
  },
  {
    "sid": 37,
    "input_tokens": [
      "January 14, 2008",
      "5:10PM PST",
      "(",
      "2008-01-08",
      ")",
      "."
    ]
  },
  {
    "sid": 38,
    "input_tokens": [
      "By",
      "the",
      "early",
      "19th",
      "century",
      ",",
      "the",
      "British",
      "Empire",
      "trade",
      "was",
      "heavily",
      "dependent",
      "upon",
      "the",
      "importation",
      "of",
      "tea",
      "from",
      "China",
      "."
    ]
  },
  {
    "sid": 39,
    "input_tokens": [
      "Mitochondrial",
      "and",
      "nuclear",
      "localization",
      "of",
      "topoisomerase",
      "II",
      "in",
      "the",
      "flagellate",
      "Bodo",
      "saltans",
      "(",
      "Kinetoplastida",
      ")",
      ",",
      "a",
      "species",
      "with",
      "non",
      "catenated",
      "kinetoplast",
      "DNA",
      "."
    ]
  },
  {
    "sid": 40,
    "input_tokens": [
      "Cotulla",
      "is",
      "believed",
      "to",
      "have",
      "tripled",
      "in",
      "population",
      "since",
      "the",
      "2010",
      "census",
      ",",
      "with",
      "possibly",
      "12,000",
      "residents",
      "in",
      "2013",
      "."
    ]
  },
  {
    "sid": 41,
    "input_tokens": [
      "There",
      "were",
      "158",
      "housing",
      "units",
      "at",
      "an",
      "average",
      "density",
      "of",
      "464.7",
      "per",
      "square",
      "mile",
      "(",
      "179.4/km2",
      ")",
      "."
    ]
  },
  {
    "sid": 42,
    "input_tokens": [
      "Rice",
      "accounts",
      "for",
      "97%",
      "of",
      "total",
      "food",
      "grain",
      "production",
      "by",
      "weight",
      "."
    ]
  },
  {
    "sid": 43,
    "input_tokens": [
      "ISBN",
      "1-84176-376-4",
      ",",
      "ISBN",
      "978-1-84176-376-7",
      "."
    ]
  },
  {
    "sid": 44,
    "input_tokens": [
      "\"",
      "TheraCoat",
      "Has",
      "Completed",
      "a",
      "Capital",
      "Raising",
      "of",
      "$7M",
      "led",
      "by",
      "Pontifax",
      "and",
      "Chaim",
      "Hurvitz's",
      "CHealth",
      "Fund",
      "\"",
      "."
    ]
  },
  {
    "sid": 45,
    "input_tokens": [
      "Because",
      "the",
      "number",
      "of",
      "teams",
      "in",
      "the",
      "DBL",
      "decreased",
      "to",
      "9",
      ",",
      "a",
      "new",
      "Playoff",
      "format",
      "was",
      "chosen",
      "."
    ]
  },
  {
    "sid": 46,
    "input_tokens": [
      "The",
      "Book",
      "of",
      "Mormon",
      "references",
      "\"",
      "dragons",
      "\"",
      "and",
      "\"",
      "satyrs",
      "\"",
      "in",
      "2",
      "Nephi",
      "23:21",
      "-22",
      ",",
      "matching",
      "the",
      "KJV",
      "of",
      "the",
      "Bible",
      "."
    ]
  },
  {
    "sid": 47,
    "input_tokens": [
      "Thus",
      "the",
      "reorganization",
      "of",
      "the",
      "Roman",
      "state",
      "in",
      "367/6",
      "BC",
      "."
    ]
  },
  {
    "sid": 48,
    "input_tokens": [
      "1973",
      ",",
      "Air",
      "Force",
      "Sergeant",
      "Don",
      "Sutherland",
      "won",
      "the",
      "14th",
      "US",
      "Armed",
      "Forces",
      "championship",
      "."
    ]
  },
  {
    "sid": 49,
    "input_tokens": [
      "In",
      "1984",
      "and",
      "'",
      "85",
      ",",
      "the",
      "Ford",
      "Motor",
      "Company",
      "offered",
      "a",
      "Gianni",
      "Versace",
      "Edition",
      "of",
      "its",
      "Lincoln",
      "Mark",
      "VII",
      "luxury",
      "coupe",
      "."
    ]
  },
  {
    "sid": 50,
    "input_tokens": [
      "ISBN",
      "0-671-22542-1",
      "Clark",
      ",",
      "Edward",
      "S.",
      "The",
      "Stephens",
      "Family",
      ",",
      "with",
      "Collateral",
      "Branches",
      "."
    ]
  },
  {
    "sid": 51,
    "input_tokens": [
      "\"",
      "$35m",
      "line",
      "on",
      "trams",
      "\"",
      "."
    ]
  },
  {
    "sid": 52,
    "input_tokens": [
      "Under",
      "the",
      "Table",
      "Tennis",
      "is",
      "Tim",
      "Fite's",
      "ninth",
      "album",
      "."
    ]
  },
  {
    "sid": 53,
    "input_tokens": [
      "She",
      "was",
      "criticized",
      "for",
      "using",
      "the",
      "Fiat",
      "as",
      "part",
      "of",
      "her",
      "performance",
      "."
    ]
  },
  {
    "sid": 54,
    "input_tokens": [
      "Holder",
      "of",
      "18",
      "International",
      "chess",
      "medals",
      "at",
      "the",
      "age",
      "of",
      "16",
      "years",
      "."
    ]
  },
  {
    "sid": 55,
    "input_tokens": [
      "220",
      ",",
      "226",
      ")",
      "ISBN",
      "0-8032-8749-6",
      "Michno",
      ",",
      "Gregory",
      "."
    ]
  },
  {
    "sid": 56,
    "input_tokens": [
      "The",
      "park",
      "is",
      "open",
      "between",
      "9:00 AM",
      "and",
      "5:00 PM",
      "Thursday",
      "through",
      "Monday",
      "."
    ]
  },
  {
    "sid": 57,
    "input_tokens": [
      "\"",
      "Wilkenfeld's",
      "TNA",
      "Impact",
      "report",
      "6/24",
      ":",
      "Ongoing",
      "\"",
      "virtual",
      "time",
      "\"",
      "coverage",
      "of",
      "Spike",
      "TV",
      "broadcast",
      "\"",
      "."
    ]
  },
  {
    "sid": 58,
    "input_tokens": [
      "At",
      "the",
      "2006",
      "census",
      ",",
      "its",
      "population",
      "was",
      "109",
      ",",
      "in",
      "23",
      "families",
      "."
    ]
  },
  {
    "sid": 59,
    "input_tokens": [
      "\"",
      "The",
      "10:23",
      "Event",
      "\"",
      "."
    ]
  },
  {
    "sid": 60,
    "input_tokens": [
      "BMC",
      "Med",
      "Genomics",
      "3: 43",
      "."
    ]
  },
  {
    "sid": 61,
    "input_tokens": [
      "The",
      "average",
      "household",
      "size",
      "was",
      "2.62",
      "and",
      "the",
      "average",
      "family",
      "size",
      "was",
      "2.95",
      "."
    ]
  },
  {
    "sid": 62,
    "input_tokens": [
      "She",
      "was",
      "offered",
      "for",
      "sale",
      "at",
      "Keeneland",
      "in",
      "November 1983",
      ",",
      "but",
      "failed",
      "to",
      "reach",
      "her",
      "reserve",
      "price",
      "of",
      "$900,000",
      "."
    ]
  },
  {
    "sid": 63,
    "input_tokens": [
      "\"",
      "Mom",
      "and",
      "Dad",
      "now",
      "know",
      "about",
      "'",
      "4/20",
      "'",
      "\"",
      "."
    ]
  },
  {
    "sid": 64,
    "input_tokens": [
      "The",
      "album",
      "was",
      "originally",
      "self",
      "released",
      "in",
      "2007",
      "but",
      "was",
      "eventually",
      "reissued",
      "with",
      "Deep",
      "Elm",
      "Records",
      "."
    ]
  },
  {
    "sid": 65,
    "input_tokens": [
      "At",
      "the",
      "Beaumont",
      "Hamel",
      "Newfoundland",
      "Memorial",
      "site",
      "the",
      "mound",
      "rises",
      "approximately",
      "50",
      "feet",
      "(",
      "15 m",
      ")",
      "from",
      "ground",
      "level",
      "."
    ]
  },
  {
    "sid": 66,
    "input_tokens": [
      "For",
      "every",
      "100",
      "females",
      "age",
      "18",
      "and",
      "over",
      ",",
      "there",
      "were",
      "102.1",
      "males",
      "."
    ]
  },
  {
    "sid": 67,
    "input_tokens": [
      "The",
      "5th",
      "Armored",
      "\"",
      "Victory",
      "\"",
      "Division",
      "was",
      "activated",
      "on",
      "10 October 1941",
      ",",
      "and",
      "reached",
      "the",
      "United",
      "Kingdom",
      "in",
      "February 1944",
      "."
    ]
  },
  {
    "sid": 68,
    "input_tokens": [
      "Siddhartha",
      "Boarding",
      "Higher",
      "Secondary",
      "School",
      ",",
      "often",
      "referred",
      "to",
      "as",
      "SBHSS",
      ",",
      "is",
      "a",
      "Private",
      "Boarding",
      "school",
      "in",
      "Nepal",
      "."
    ]
  },
  {
    "sid": 69,
    "input_tokens": [
      "ISBN",
      "978-0-230-22808-5",
      "Randall",
      ",",
      "Peter",
      "(",
      "2001",
      ")",
      "."
    ]
  },
  {
    "sid": 70,
    "input_tokens": [
      "Males",
      "had",
      "a",
      "median",
      "income",
      "of",
      "$49,415",
      "versus",
      "$31,743",
      "for",
      "females",
      "."
    ]
  },
  {
    "sid": 71,
    "input_tokens": [
      "The",
      "last",
      "email",
      "was",
      "after",
      "9 PM",
      "and",
      "the",
      "last",
      "call",
      "was",
      "at",
      "5:30 AM",
      "."
    ]
  },
  {
    "sid": 72,
    "input_tokens": [
      "Sathon",
      "Line",
      ":",
      "Wongwian",
      "Yai",
      "Sathon",
      "Lat",
      "Phrao",
      ",",
      "lengths",
      "20 km",
      "(",
      "12.43 mi",
      ")",
      ",",
      "crossing",
      "the",
      "river",
      "via",
      "center",
      "lane",
      "of",
      "Taksin",
      "Bridge",
      "."
    ]
  },
  {
    "sid": 73,
    "input_tokens": [
      "By",
      "05:53",
      ",",
      "a",
      "large",
      "oil",
      "slick",
      "covered",
      "the",
      "site",
      "where",
      "Japanese",
      "submarine",
      "3",
      "64 ",
      "had",
      "gone",
      "down",
      "."
    ]
  },
  {
    "sid": 74,
    "input_tokens": [
      "339/340",
      "Bangkok",
      "Kaeng",
      "Khoi",
      "Junction",
      "Bangkok",
      "(",
      "weekdays",
      "only",
      ")",
      "Commuter",
      "no"
    ]
  },
  {
    "sid": 75,
    "input_tokens": [
      "According",
      "to",
      "the",
      "United",
      "States",
      "Census",
      "Bureau",
      ",",
      "the",
      "city",
      "has",
      "a",
      "total",
      "area",
      "of",
      "5.65",
      "square",
      "miles",
      "(",
      "14.6 km2",
      ")",
      "."
    ]
  },
  {
    "sid": 76,
    "input_tokens": [
      "Occasionally",
      "measures",
      "of",
      "6/8",
      "and",
      "12/8",
      "are",
      "also",
      "used",
      "."
    ]
  },
  {
    "sid": 77,
    "input_tokens": [
      "Kenneally",
      ",",
      "1929",
      ",",
      "p",
      ".",
      "47",
      "."
    ]
  },
  {
    "sid": 78,
    "input_tokens": [
      "ISBN",
      "1-873616-02-3",
      "Jane",
      "Robins",
      ",",
      "Media",
      "Correspondent",
      "(",
      "22 September 2011",
      ")",
      "."
    ]
  },
  {
    "sid": 79,
    "input_tokens": [
      "Lynne",
      "moved",
      "to",
      "local",
      "radio",
      "presenting",
      "the",
      "regional",
      "drive",
      "program",
      "for",
      "Victoria",
      "before",
      "moving",
      "to",
      "774",
      "ABC",
      "Melbourne",
      "."
    ]
  },
  {
    "sid": 80,
    "input_tokens": [
      "Centuries",
      "later",
      ",",
      "Cy",
      "Kill",
      "goes",
      "on",
      "a",
      "quest",
      "to",
      "look",
      "for",
      "the",
      "ancient",
      "villain",
      "."
    ]
  },
  {
    "sid": 81,
    "input_tokens": [
      "Greene",
      "ended",
      "the",
      "year",
      "with",
      "1,054",
      "yards",
      "in",
      "253",
      "carries",
      "with",
      "6",
      "touchdowns",
      "."
    ]
  },
  {
    "sid": 82,
    "input_tokens": [
      "The",
      "population",
      "of",
      "the",
      "civil",
      "parish",
      "at",
      "the",
      "2011",
      "Census",
      "was",
      "4,717",
      "."
    ]
  },
  {
    "sid": 83,
    "input_tokens": [
      "The",
      "area",
      "gained",
      "population",
      "between",
      "1980",
      "and",
      "1990",
      "."
    ]
  },
  {
    "sid": 84,
    "input_tokens": [
      "\"",
      "On",
      "the",
      "Significance",
      "of",
      "Lord",
      "Shaftesbury",
      "in",
      "Modern",
      "Aesthetic",
      "Theory",
      "\"",
      "."
    ]
  },
  {
    "sid": 85,
    "input_tokens": [
      "Coryell",
      "Apartment",
      "Building",
      ",",
      "21 ",
      "East",
      "21st",
      "Street",
      ",",
      "Manhattan",
      "New",
      "York",
      "(",
      "1878",
      ")",
      "."
    ]
  },
  {
    "sid": 86,
    "input_tokens": [
      "\"",
      "2014",
      "Tourist",
      "Arrivals",
      "in",
      "Thailand",
      "Drop",
      "By",
      "6.6",
      "Percent",
      "\"",
      "."
    ]
  },
  {
    "sid": 87,
    "input_tokens": [
      "On",
      "October 1, 2011",
      ",",
      "David",
      "Hasselhoff",
      "attended",
      "Knightcon",
      "2011",
      "at",
      "x",
      "scape",
      ",",
      "Castleford",
      ",",
      "UK",
      ",",
      "with",
      "girlfriend",
      "Hayley",
      "Roberts",
      "."
    ]
  },
  {
    "sid": 88,
    "input_tokens": [
      "Katherine",
      "Strangeways",
      ",",
      "who",
      "married",
      "Henry",
      "Grey",
      ",",
      "4th",
      "(",
      "7th",
      ")",
      "Baron",
      "Grey",
      "of",
      "Codnor",
      "."
    ]
  },
  {
    "sid": 89,
    "input_tokens": [
      "Males",
      "had",
      "a",
      "median",
      "income",
      "of",
      "$35,972",
      "versus",
      "$31,250",
      "for",
      "females",
      "."
    ]
  },
  {
    "sid": 90,
    "input_tokens": [
      "The",
      "population",
      "density",
      "was",
      "1,565.0",
      "people",
      "per",
      "square",
      "mile",
      "(",
      "604.2/km²",
      ")",
      "."
    ]
  },
  {
    "sid": 91,
    "input_tokens": [
      "Gorelova",
      "2002",
      ",",
      "p",
      ".",
      "37",
      "."
    ]
  },
  {
    "sid": 92,
    "input_tokens": [
      "The",
      "original",
      "(",
      "still",
      "unreleased",
      ")",
      "single",
      "edit",
      "was",
      "4:56",
      "according",
      "to",
      "the",
      "label",
      "timing",
      "."
    ]
  },
  {
    "sid": 93,
    "input_tokens": [
      "Altogether",
      ",",
      "Doutor",
      "Coffee",
      "has",
      "over",
      "1,200",
      "outlets",
      "throughout",
      "the",
      "world",
      "."
    ]
  },
  {
    "sid": 94,
    "input_tokens": [
      "4:16",
      "\"",
      "(",
      "NTApo",
      ",",
      "2.44",
      ")",
      ".",
      "\""
    ]
  },
  {
    "sid": 95,
    "input_tokens": [
      "It",
      "airs",
      "every",
      "Saturdays",
      "on",
      "aksyon",
      "tv",
      "at",
      "7:00 p.m.",
      "(",
      "PST",
      ")",
      "and",
      "11:00 p.m.",
      "on",
      "TV",
      "5",
      "(",
      "PST",
      ")",
      "."
    ]
  },
  {
    "sid": 96,
    "input_tokens": [
      "International",
      "Air",
      "Transport",
      "Association",
      "(",
      "IATA",
      ")",
      "."
    ]
  },
  {
    "sid": 97,
    "input_tokens": [
      "Hamilton",
      "Bailey's",
      "Demonstrations",
      "of",
      "Physical",
      "Signs",
      "in",
      "Clinical",
      "Surgery",
      "ISBN",
      "0 7506 0625 8",
      "\"",
      "Metatarsal",
      "Fractures",
      "\"",
      "."
    ]
  },
  {
    "sid": 98,
    "input_tokens": [
      "Welsh",
      ",",
      "a",
      "half",
      "forward",
      ",",
      "played",
      "eight",
      "league",
      "games",
      "for",
      "Collingwood",
      "in",
      "the",
      "early",
      "rounds",
      "of",
      "the",
      "1950",
      "VFL",
      "season",
      "."
    ]
  },
  {
    "sid": 99,
    "input_tokens": [
      "Other",
      "privileges",
      "came",
      "from",
      "bulls",
      "issued",
      "by",
      "Pope",
      "Innocent",
      "III",
      "in",
      "1198",
      ",",
      "1200",
      "and",
      "1201",
      "."
    ]
  },
  {
    "sid": 100,
    "input_tokens": [
      "The",
      "snowiest",
      "year",
      "was",
      "1967",
      "when",
      "62.0",
      "inches",
      "(",
      "1,570 mm",
      ")",
      "fell",
      "."
    ]
  },
  {
    "sid": 101,
    "input_tokens": [
      "Rahall",
      "won",
      "the",
      "district",
      "primary",
      "with",
      "a",
      "plurality",
      "of",
      "38%",
      "."
    ]
  },
  {
    "sid": 102,
    "input_tokens": [
      "ISBN",
      "1-57392-979-4",
      "Bem",
      ",",
      "DJ",
      "(",
      "March 2011",
      ")",
      "."
    ]
  },
  {
    "sid": 103,
    "input_tokens": [
      "Bill",
      "Harry",
      ",",
      "The",
      "George",
      "Harrison",
      "Encyclopedia",
      ",",
      "Virgin",
      "Books",
      "(",
      "London",
      ",",
      "2003",
      ";",
      "ISBN",
      "978-0753508220",
      ")",
      "."
    ]
  },
  {
    "sid": 104,
    "input_tokens": [
      "North",
      "Carolina",
      "SHPO",
      "."
    ]
  },
  {
    "sid": 105,
    "input_tokens": [
      "ISBN",
      "81-85070-79-2",
      "ISBN",
      "978-81-85070-79-7",
      "Garg",
      ",",
      "Pankaj",
      ";",
      "Abraham",
      ",",
      "Amit",
      "(",
      "June 2005",
      ")",
      "."
    ]
  },
  {
    "sid": 106,
    "input_tokens": [
      "Retrieved",
      "1 February 2008",
      "."
    ]
  },
  {
    "sid": 107,
    "input_tokens": [
      "106 (2003) 203-214",
      "Agrios",
      ",",
      "G. N.",
      "(",
      "2005",
      ")",
      "."
    ]
  },
  {
    "sid": 108,
    "input_tokens": [
      "Currently",
      ",",
      "the",
      "southbound",
      "train",
      "departs",
      "Bangkok",
      "at",
      "14:45",
      "daily",
      "and",
      "arrives",
      "in",
      "Butterworth",
      "at",
      "11:55",
      "the",
      "next",
      "day",
      "."
    ]
  },
  {
    "sid": 109,
    "input_tokens": [
      "The",
      "per",
      "capita",
      "income",
      "for",
      "the",
      "CDP",
      "was",
      "$12,286",
      "."
    ]
  },
  {
    "sid": 110,
    "input_tokens": [
      "ISBN",
      "0252076729",
      ",",
      "9780252076725",
      "."
    ]
  },
  {
    "sid": 111,
    "input_tokens": [
      "Also",
      ",",
      "the",
      "San",
      "Francisco",
      "Isle",
      ",",
      "with",
      "15",
      "kilometers",
      "long",
      "by",
      "6",
      "kilometers",
      "wide",
      "is",
      "considered",
      "as",
      "an",
      "ecological",
      "reserve",
      "."
    ]
  },
  {
    "sid": 112,
    "input_tokens": [
      "Their",
      "distinctiveness",
      "as",
      "an",
      "ethnicity",
      "is",
      ",",
      "however",
      ",",
      "disputed",
      "."
    ]
  },
  {
    "sid": 113,
    "input_tokens": [
      "He",
      "was",
      "attached",
      "to",
      "the",
      "28th",
      "(",
      "Bedfordshire",
      ")",
      "company",
      "of",
      "the",
      "4th",
      "Battalion",
      ",",
      "Imperial",
      "Yeomanry",
      "."
    ]
  },
  {
    "sid": 114,
    "input_tokens": [
      "Natural",
      "refrigerants",
      "have",
      "been",
      "used",
      "for",
      "refrigeration",
      "since",
      "the",
      "mid",
      "19th",
      "century",
      ",",
      "mainly",
      "in",
      "food",
      "production",
      "and",
      "storage",
      "."
    ]
  },
  {
    "sid": 115,
    "input_tokens": [
      "20",
      ")",
      "and",
      "George",
      "IV",
      ",",
      "as",
      "Prince",
      "Regent",
      ",",
      "visited",
      "it",
      "when",
      "he",
      "came",
      "to",
      "Stratford",
      "in",
      "1806",
      "."
    ]
  },
  {
    "sid": 116,
    "input_tokens": [
      "The",
      "card",
      "cost",
      "$400",
      "and",
      "could",
      "be",
      "installed",
      "by",
      "the",
      "end",
      "user",
      "."
    ]
  },
  {
    "sid": 117,
    "input_tokens": [
      "Even",
      "with",
      "the",
      "departure",
      "of",
      "Chapman",
      ",",
      "the",
      "firm's",
      "last",
      "projects",
      "appeared",
      "to",
      "be",
      "in",
      "the",
      "late",
      "1940s",
      "."
    ]
  },
  {
    "sid": 118,
    "input_tokens": [
      "The",
      "Egyptian",
      "war",
      "log",
      ",",
      "from",
      "19:00",
      "on",
      "May 28, 1948",
      ",",
      "showed",
      "concern",
      "over",
      "the",
      "lines",
      "of",
      "communication",
      "."
    ]
  },
  {
    "sid": 119,
    "input_tokens": [
      "\"",
      "Digha",
      "bridge",
      "cost",
      "likely",
      "to",
      "jump",
      "by",
      "Rs 1,000 cr",
      "\"",
      "."
    ]
  },
  {
    "sid": 120,
    "input_tokens": [
      "\"",
      "Be",
      "not",
      "carried",
      "about",
      "by",
      "divers",
      "and",
      "strange",
      "teachings",
      "."
    ]
  },
  {
    "sid": 121,
    "input_tokens": [
      "On",
      "July 2nd, 2014",
      ",",
      "Carolyn",
      "M.",
      "Clancy",
      "was",
      "sworn",
      "in",
      "as",
      "Interim",
      "Under",
      "Secretary",
      "."
    ]
  },
  {
    "sid": 122,
    "input_tokens": [
      "The",
      "work",
      "necessitated",
      "the",
      "removal",
      "of",
      "the",
      "Henry",
      "VIII",
      "blockhouse",
      ",",
      "which",
      "was",
      "demolished",
      "around",
      "1867",
      "."
    ]
  },
  {
    "sid": 123,
    "input_tokens": [
      "\"",
      "Protoculture",
      "Addicts",
      "97",
      "\"",
      "."
    ]
  },
  {
    "sid": 124,
    "input_tokens": [
      "H. M. G. S.",
      "Palihakkara",
      "—",
      "former",
      "Secretary",
      ",",
      "Ministry",
      "of",
      "Foreign",
      "Affairs",
      "and",
      "former",
      "Permanent",
      "Representative",
      "to",
      "the",
      "United",
      "Nations",
      "6",
      "."
    ]
  },
  {
    "sid": 125,
    "input_tokens": [
      "He",
      "dropped",
      "out",
      "of",
      "graduate",
      "school",
      "to",
      "become",
      "a",
      "writer",
      "."
    ]
  },
  {
    "sid": 126,
    "input_tokens": [
      "If",
      "Vanth's",
      "diameter",
      "is",
      "about",
      "one",
      "third",
      "that",
      "of",
      "Orcus",
      ",",
      "its",
      "mass",
      "is",
      "only",
      "3%",
      "of",
      "the",
      "system",
      "mass",
      "."
    ]
  },
  {
    "sid": 127,
    "input_tokens": [
      "The",
      "duckbilled",
      "buntingi",
      "is",
      "on",
      "average",
      "about",
      "11 cm",
      "long",
      "but",
      "can",
      "grow",
      "as",
      "long",
      "as",
      "16 cm",
      "in",
      "length",
      "."
    ]
  },
  {
    "sid": 128,
    "input_tokens": [
      "Field",
      "Guide",
      "to",
      "Eucalypts",
      ",",
      "Volume",
      "2",
      ":",
      "South",
      "western",
      "and",
      "Southern",
      "Australia",
      "."
    ]
  },
  {
    "sid": 129,
    "input_tokens": [
      "Eric",
      "Goldman",
      "of",
      "IGN",
      "gave",
      "the",
      "episode",
      "a",
      "positive",
      "score",
      "of",
      "8.5",
      ",",
      "praising",
      "Chevy",
      "Chase's",
      "performance",
      "as",
      "Pierce",
      "."
    ]
  },
  {
    "sid": 130,
    "input_tokens": [
      "Amateur",
      "Radio",
      "Lighthouse",
      "Society",
      ",",
      "South",
      "Pier",
      "(",
      "Lake",
      "Michigan",
      ")",
      "Lighthouse",
      "ARLHS",
      "USA-",
      "156",
      "Amateur",
      "Radio",
      "Lighthouse",
      "Society",
      ",",
      "World",
      "List",
      "of",
      "Lights",
      "(",
      "WLOL",
      ")",
      "."
    ]
  },
  {
    "sid": 131,
    "input_tokens": [
      "The",
      "4th",
      "Cavalry",
      "Division",
      "following",
      "the",
      "5th",
      "Division",
      ",",
      "rode",
      "up",
      "the",
      "Plain",
      "of",
      "Sharon",
      "as",
      "far",
      "as",
      "Nahr",
      "el",
      "Mefjir",
      "."
    ]
  },
  {
    "sid": 132,
    "input_tokens": [
      "\"",
      "Results",
      "Men's",
      "100m",
      "T",
      "37",
      "Final",
      "\"",
      "."
    ]
  },
  {
    "sid": 133,
    "input_tokens": [
      "It",
      "was",
      "last",
      "used",
      "as",
      "a",
      "railroad",
      "depot",
      "in",
      "1940",
      "."
    ]
  },
  {
    "sid": 134,
    "input_tokens": [
      "\"",
      "Critical",
      "\"",
      "JASBUG",
      "\"",
      "vulnerability",
      "in",
      "Windows",
      "clients",
      "and",
      "servers",
      "patched",
      "\"",
      "."
    ]
  },
  {
    "sid": 135,
    "input_tokens": [
      "In",
      "some",
      "contexts",
      ",",
      "it",
      "is",
      "sometimes",
      "called",
      "the",
      "lumbar",
      "region",
      "."
    ]
  },
  {
    "sid": 136,
    "input_tokens": [
      "The",
      "church",
      "has",
      "services",
      "at",
      "9:30",
      "and",
      "11:00am",
      "on",
      "Sundays",
      "with",
      "church",
      "school",
      "at",
      "the",
      "9:30",
      "hour",
      "."
    ]
  },
  {
    "sid": 137,
    "input_tokens": [
      "ISBN",
      "0 521 400775",
      "."
    ]
  },
  {
    "sid": 138,
    "input_tokens": [
      "\"",
      "South",
      "Dakota",
      "Highway",
      "168",
      "\"",
      "(",
      "Map",
      ")",
      "."
    ]
  },
  {
    "sid": 139,
    "input_tokens": [
      "Juneau",
      "Visual",
      "Check",
      "Points",
      ",",
      "and",
      "Flight",
      "Advisory",
      "Frequencies",
      "Sectional",
      "Map",
      "PDF",
      "(",
      "823.06 KB",
      ")",
      "The",
      "Veliger",
      "."
    ]
  },
  {
    "sid": 140,
    "input_tokens": [
      "Colonel",
      "Graham",
      "attacked",
      "the",
      "Tibetan",
      "positions",
      "around",
      "8 a.m.",
      "with",
      "three",
      "columns",
      "."
    ]
  },
  {
    "sid": 141,
    "input_tokens": [
      "They",
      "were",
      "married",
      "in",
      "1812",
      "."
    ]
  },
  {
    "sid": 142,
    "input_tokens": [
      "Frozen",
      "Camp",
      "Wildlife",
      "Management",
      "Area",
      "is",
      "located",
      "on",
      "2,587",
      "acres",
      "(",
      "1,047 ha",
      ")",
      "in",
      "Jackson",
      "County",
      "near",
      "Ripley",
      ",",
      "West",
      "Virginia",
      "."
    ]
  },
  {
    "sid": 143,
    "input_tokens": [
      "The",
      "Al",
      "Hussein",
      "was",
      "12.46",
      "meters",
      "long",
      "and",
      "had",
      "a",
      "diameter",
      "of",
      "0.88",
      "."
    ]
  },
  {
    "sid": 144,
    "input_tokens": [
      "By",
      "August",
      ",",
      "the",
      "12th",
      "Army",
      "Group",
      "had",
      "swollen",
      "to",
      "over",
      "900,000",
      "men",
      "and",
      "ultimately",
      "consisted",
      "of",
      "four",
      "field",
      "armies",
      "."
    ]
  },
  {
    "sid": 145,
    "input_tokens": [
      "After",
      "the",
      "following",
      "season",
      ",",
      "Oldenburg",
      "finished",
      "in",
      "third",
      "place",
      "with",
      "a",
      "record",
      "of",
      "17",
      "wins",
      ",",
      "nine",
      "draws",
      ",",
      "and",
      "eight",
      "losses",
      "."
    ]
  },
  {
    "sid": 146,
    "input_tokens": [
      "Retrieved",
      "May 29, 2013",
      "."
    ]
  },
  {
    "sid": 147,
    "input_tokens": [
      "There",
      "were",
      "304",
      "Swiss",
      "women",
      "(",
      "31.1%",
      ")",
      ",",
      "and",
      "178",
      "(",
      "18.2%",
      ")",
      "non",
      "Swiss",
      "women",
      "."
    ]
  },
  {
    "sid": 148,
    "input_tokens": [
      "\"",
      "Automatic",
      "Systematic",
      "Habit",
      ",",
      "European",
      ",",
      "COOPR",
      "547",
      ",",
      "promotional",
      "CD",
      "\"",
      "."
    ]
  },
  {
    "sid": 149,
    "input_tokens": [
      "The",
      "race",
      "was",
      "run",
      "on",
      "a",
      "track",
      "listed",
      "as",
      "good",
      "in",
      "a",
      "final",
      "time",
      "of",
      "1:54",
      "-3/5",
      "."
    ]
  },
  {
    "sid": 150,
    "input_tokens": [
      "New",
      "Zealand",
      "Geological",
      "Survey",
      ",",
      "Paleontological",
      "Bulletin",
      "20: 43",
      "."
    ]
  },
  {
    "sid": 151,
    "input_tokens": [
      "In",
      "1946",
      ",",
      "Jefferson",
      "county",
      "kentucky",
      ",",
      "undertook",
      "to",
      "establish",
      "a",
      "working",
      "forest",
      "preserve",
      "in",
      "the",
      "southern",
      "part",
      "of",
      "the",
      "county",
      "."
    ]
  },
  {
    "sid": 152,
    "input_tokens": [
      "Rec",
      ".",
      "Sport",
      ".",
      "Soccer",
      "Statistics",
      "Foundation",
      "."
    ]
  },
  {
    "sid": 153,
    "input_tokens": [
      "Tisbe",
      "has",
      "been",
      "searching",
      "for",
      "that",
      "person",
      "ever",
      "since",
      "."
    ]
  },
  {
    "sid": 154,
    "input_tokens": [
      "In",
      "the",
      "case",
      "of",
      "the",
      "380th",
      ",",
      "this",
      "was",
      "the",
      "B-",
      "24",
      "Liberator",
      "Bomber",
      "."
    ]
  },
  {
    "sid": 155,
    "input_tokens": [
      "But",
      ",",
      "instead",
      "of",
      "full",
      "length",
      "album",
      "another",
      "EP",
      "was",
      "released",
      ",",
      "which",
      "included",
      "five",
      "recorded",
      "with",
      "Albini",
      "songs",
      "."
    ]
  },
  {
    "sid": 156,
    "input_tokens": [
      "On",
      "the",
      "17th",
      "day",
      ",",
      "he",
      "injured",
      "Shakuni's",
      "son",
      ",",
      "Ulook",
      "."
    ]
  },
  {
    "sid": 157,
    "input_tokens": [
      "Intelligence",
      "Reform",
      "Law",
      "25.520",
      ",",
      "Argentine",
      "National",
      "Congress",
      "."
    ]
  },
  {
    "sid": 158,
    "input_tokens": [
      "The",
      "adopted",
      "specifications",
      "are",
      "Munsell",
      "value",
      "5",
      "R",
      "4/12",
      "for",
      "the",
      "red",
      ",",
      "and",
      "7.5PB",
      "2/4",
      "for",
      "the",
      "blue",
      "."
    ]
  },
  {
    "sid": 159,
    "input_tokens": [
      "The",
      "first",
      "round",
      "was",
      "held",
      "on",
      "August 17",
      ",",
      "at",
      "11:30",
      ",",
      "and",
      "the",
      "final",
      "was",
      "held",
      "on",
      "August 17",
      ",",
      "at",
      "18:15",
      "."
    ]
  },
  {
    "sid": 160,
    "input_tokens": [
      "They",
      "could",
      "be",
      "manned",
      "by",
      "crews",
      "of",
      "up",
      "to",
      "1,000",
      "men",
      "and",
      "were",
      "employed",
      "in",
      "both",
      "trade",
      "and",
      "warfare",
      "."
    ]
  },
  {
    "sid": 161,
    "input_tokens": [
      "For",
      "this",
      "reason",
      "it",
      "has",
      "been",
      "called",
      "the",
      "Ellis",
      "Island",
      "of",
      "Trinidad",
      "and",
      "Tobago",
      "."
    ]
  },
  {
    "sid": 162,
    "input_tokens": [
      "George",
      "Clark",
      ",",
      "\"",
      "MEPs",
      "vote",
      "for",
      "14pc",
      "farm",
      "prices",
      "increase",
      "\"",
      ",",
      "The",
      "Times",
      ",",
      "27 March 1982",
      ",",
      "p",
      ".",
      "4",
      "."
    ]
  },
  {
    "sid": 163,
    "input_tokens": [
      "Males",
      "had",
      "a",
      "median",
      "income",
      "of",
      "$27,083",
      "versus",
      "$16,875",
      "for",
      "females",
      "."
    ]
  },
  {
    "sid": 164,
    "input_tokens": [
      "Mercy",
      "is",
      "committed",
      "to",
      "helping",
      "students",
      "develop",
      "their",
      "talents",
      "to",
      "meet",
      "21st",
      "century",
      "challenges",
      "."
    ]
  },
  {
    "sid": 165,
    "input_tokens": [
      "As",
      "of",
      "the",
      "2000",
      "census",
      ",",
      "42%",
      "of",
      "population",
      "were",
      "Catholic",
      "and",
      "38%",
      "belonged",
      "to",
      "the",
      "Swiss",
      "Reformed",
      "Church",
      "."
    ]
  },
  {
    "sid": 166,
    "input_tokens": [
      "Males",
      "had",
      "a",
      "median",
      "income",
      "of",
      "$27,143",
      "versus",
      "$20,694",
      "for",
      "females",
      "."
    ]
  },
  {
    "sid": 167,
    "input_tokens": [
      "Ellengowan",
      "Rock",
      ",",
      "a",
      "submerged",
      "rock",
      "with",
      "a",
      "depth",
      "of",
      "only",
      "1.1",
      "meters",
      ",",
      "is",
      "located",
      "11 km",
      "east",
      "of",
      "Parama",
      "Island",
      "."
    ]
  },
  {
    "sid": 168,
    "input_tokens": [
      "\"",
      "TV",
      "Ratings",
      ":",
      "Jimmy",
      "Fallon",
      "Leaves",
      "'",
      "Late",
      "Night",
      "'",
      "With",
      "Record",
      "6.6",
      "Million",
      "Viewers",
      "\"",
      "."
    ]
  },
  {
    "sid": 169,
    "input_tokens": [
      "\"",
      "Davies",
      "Bridge",
      "Waverton",
      "(",
      "55527",
      ")",
      "\"",
      "."
    ]
  },
  {
    "sid": 170,
    "input_tokens": [
      "In",
      "his",
      "first",
      "season",
      "Bencini",
      "achieved",
      "promotion",
      "back",
      "to",
      "the",
      "Premier",
      "League",
      ",",
      "after",
      "finishing",
      "in",
      "2nd",
      "place",
      "."
    ]
  },
  {
    "sid": 171,
    "input_tokens": [
      "The",
      "video",
      "features",
      "short",
      "clips",
      "of",
      "R.",
      "Kelly",
      "performing",
      "in",
      "Africa",
      "and",
      "also",
      "his",
      "visit",
      "there",
      "."
    ]
  },
  {
    "sid": 172,
    "input_tokens": [
      "There",
      "are",
      "twelve",
      "dungeon",
      "paths",
      ";",
      "once",
      "these",
      "have",
      "all",
      "been",
      "played",
      "they",
      "repeat",
      "."
    ]
  },
  {
    "sid": 173,
    "input_tokens": [
      "Tarrats",
      "Bou",
      ",",
      "F.",
      "Alfafar",
      ":",
      "Global",
      "Edition",
      "—",
      "Contents",
      ",",
      "S.A.",
      "ISBN",
      "84-933702-1-5",
      "."
    ]
  },
  {
    "sid": 174,
    "input_tokens": [
      "It",
      "lies",
      "at",
      "an",
      "elevation",
      "of",
      "787",
      "feet",
      "(",
      "240 m",
      ")",
      "."
    ]
  },
  {
    "sid": 175,
    "input_tokens": [
      "\"",
      "Over",
      "3 million",
      "people",
      "participate",
      "in",
      "events",
      "with",
      "Prem",
      "Rawat",
      "in",
      "India",
      "\"",
      "."
    ]
  },
  {
    "sid": 176,
    "input_tokens": [
      "Highland",
      "council",
      "had",
      "been",
      "lobbying",
      "for",
      "a",
      "deal",
      "worth",
      "up",
      "to",
      "£300 million",
      "to",
      "improve",
      "tourist",
      "and",
      "sports",
      "facilities",
      "."
    ]
  },
  {
    "sid": 177,
    "input_tokens": [
      "At",
      "22:10",
      ",",
      "nearly",
      "five",
      "hours",
      "after",
      "the",
      "initial",
      "accident",
      ",",
      "Malfalda",
      "sank",
      "stern",
      "first",
      "."
    ]
  },
  {
    "sid": 178,
    "input_tokens": [
      "Rainfall",
      "in",
      "Maharashtra",
      "differs",
      "from",
      "region",
      "to",
      "region",
      "."
    ]
  },
  {
    "sid": 179,
    "input_tokens": [
      "Property",
      "tax",
      "rates",
      "in",
      "2015",
      "-",
      "16",
      "were",
      "set",
      "by",
      "the",
      "Albert",
      "Gallatin",
      "Area",
      "School",
      "Board",
      "at",
      "13.0088",
      "mills",
      "."
    ]
  },
  {
    "sid": 180,
    "input_tokens": [
      "ISBN",
      "978-3-933375-00-1",
      "(",
      "German",
      ")",
      "50",
      "Jahre",
      "Verfassung",
      "der",
      "Freien",
      "und",
      "Hansestadt",
      "Hamburg",
      ":",
      "Festakt",
      "am",
      "6",
      "."
    ]
  },
  {
    "sid": 181,
    "input_tokens": [
      "Corsicana",
      "Daily",
      "Sun",
      "(",
      "Texas",
      ")",
      "."
    ]
  },
  {
    "sid": 182,
    "input_tokens": [
      "The",
      "per",
      "capita",
      "income",
      "for",
      "the",
      "town",
      "was",
      "$11,262",
      "."
    ]
  },
  {
    "sid": 183,
    "input_tokens": [
      "Daniels'",
      "family",
      "received",
      "a",
      "$1.2 million",
      "settlement",
      "after",
      "filing",
      "a",
      "lawsuit",
      "against",
      "the",
      "City",
      "of",
      "Los",
      "Angeles",
      "."
    ]
  },
  {
    "sid": 184,
    "input_tokens": [
      "IISi",
      "alguno",
      "quiere",
      "saberpor",
      "que",
      "estoy",
      "descamisado",
      ",",
      "porque",
      "con",
      "los",
      "tributosel",
      "rey",
      "me",
      "ha",
      "desnudado",
      "."
    ]
  },
  {
    "sid": 185,
    "input_tokens": [
      "Only",
      "the",
      "fire",
      "chief",
      "is",
      "a",
      "full",
      "time",
      "employee",
      "of",
      "the",
      "town",
      "."
    ]
  },
  {
    "sid": 186,
    "input_tokens": [
      "Some",
      "minutes",
      "after",
      "the",
      "earthquake",
      "in",
      "Chillan",
      ",",
      "at",
      "23:35",
      ",",
      "Concepcion",
      "was",
      "violently",
      "hit",
      "."
    ]
  },
  {
    "sid": 187,
    "input_tokens": [
      "14 May",
      ":",
      "The",
      "special",
      "CBI",
      "court",
      "postpones",
      "judgment",
      "on",
      "the",
      "bail",
      "pleas",
      "for",
      "20 May."
    ]
  },
  {
    "sid": 188,
    "input_tokens": [
      "WRCT",
      "was",
      "born",
      "as",
      "an",
      "experimental",
      "radio",
      "station",
      "at",
      "then",
      "Carnegie",
      "Institute",
      "of",
      "Technology",
      "."
    ]
  },
  {
    "sid": 189,
    "input_tokens": [
      "Hamilton",
      "was",
      "reprimanded",
      "after",
      "failing",
      "to",
      "complete",
      "his",
      "in",
      "lap",
      "in",
      "a",
      "sufficient",
      "time",
      ",",
      "while",
      "his",
      "team",
      "received",
      "a",
      "$10,000",
      "fine",
      "."
    ]
  },
  {
    "sid": 190,
    "input_tokens": [
      "During",
      "the",
      "wars",
      "in",
      "Ireland",
      ",",
      "after",
      "the",
      "revolution",
      "of",
      "1688",
      ",",
      "he",
      "held",
      "a",
      "captain's",
      "commission",
      "in",
      "King",
      "James's",
      "army",
      "."
    ]
  },
  {
    "sid": 191,
    "input_tokens": [
      "When",
      "Kulottunga",
      "Chola",
      "III",
      "conquered",
      "Madurai",
      "in",
      "the",
      "13th",
      "century",
      ",",
      "he",
      "installed",
      "a",
      "Bana",
      "as",
      "the",
      "ruler",
      "."
    ]
  },
  {
    "sid": 192,
    "input_tokens": [
      "Pinball",
      "News",
      "rates",
      "the",
      "table",
      "a",
      "53/70",
      ",",
      "noting",
      "that",
      "\"",
      "CSI",
      "seems",
      "like",
      "a",
      "reasonable",
      "theme",
      "for",
      "a",
      "pinball",
      "."
    ]
  },
  {
    "sid": 193,
    "input_tokens": [
      "The",
      "Bedford",
      "CF",
      "was",
      "widely",
      "used",
      "."
    ]
  },
  {
    "sid": 194,
    "input_tokens": [
      "It",
      "was",
      "by",
      "far",
      "the",
      "best",
      "edition",
      "of",
      "the",
      "Britannica",
      "to",
      "date",
      ",",
      "and",
      "remained",
      "so",
      "until",
      "roughly",
      "the",
      "7th",
      "edition",
      "."
    ]
  },
  {
    "sid": 195,
    "input_tokens": [
      "Retrieved",
      "November 20, 2013",
      "."
    ]
  },
  {
    "sid": 196,
    "input_tokens": [
      "\"",
      "Falcone",
      "Steps",
      "Down",
      "From",
      "Harbinger",
      "Group",
      "to",
      "Focus",
      "on",
      "HC",
      "2",
      "\"",
      "."
    ]
  },
  {
    "sid": 197,
    "input_tokens": [
      "\"",
      "$250M",
      "port",
      "will",
      "be",
      "built",
      "in",
      "Paulsboro",
      "\"",
      "."
    ]
  },
  {
    "sid": 198,
    "input_tokens": [
      "Badajoz",
      "realizou",
      "15",
      "partos",
      "de",
      "gravidas",
      "alentejanas",
      "num",
      "mes",
      ",",
      "Diario",
      "de",
      "Noticias",
      ",",
      "12 July 2006",
      "."
    ]
  },
  {
    "sid": 199,
    "input_tokens": [
      "According",
      "to",
      "the",
      "2004",
      "census",
      "(",
      "INE",
      ")",
      ",",
      "the",
      "municipality",
      "has",
      "a",
      "population",
      "of",
      "108",
      "inhabitants",
      "."
    ]
  },
  {
    "sid": 200,
    "input_tokens": [
      "Neskeverlag",
      ",",
      "1972",
      ",",
      "ISBN",
      "3-7885-0023-9",
      "John",
      "Cranko",
      ",",
      "Walter",
      "Erich",
      "Schafer",
      ":",
      "Uber",
      "den",
      "Tanz",
      "."
    ]
  },
  {
    "sid": 201,
    "input_tokens": [
      "She",
      "broke",
      "the",
      "course",
      "record",
      "at",
      "the",
      "Hannover",
      "Marathon",
      "in",
      "2013",
      ",",
      "completing",
      "the",
      "distance",
      "in",
      "2:27:07",
      "hours",
      "."
    ]
  },
  {
    "sid": 202,
    "input_tokens": [
      "\"",
      "LA",
      "INSUMISION",
      "VOLUNTARIA",
      "."
    ]
  },
  {
    "sid": 203,
    "input_tokens": [
      "He",
      "coached",
      "the",
      "team",
      "for",
      "13",
      "seasons",
      "from",
      "1991",
      "to",
      "2003",
      "and",
      "earned",
      "a",
      "286-220-3",
      "record",
      "."
    ]
  },
  {
    "sid": 204,
    "input_tokens": [
      "ISBN",
      "3 9806773 4 6",
      "."
    ]
  },
  {
    "sid": 205,
    "input_tokens": [
      "Infection",
      "competed",
      "at",
      "Cannes",
      "International",
      "Film",
      "Festival",
      "2000",
      ",",
      "Sundance",
      "Film",
      "Festival",
      "2001",
      "and",
      "20",
      "other",
      "international",
      "Film",
      "Festivals",
      "."
    ]
  },
  {
    "sid": 206,
    "input_tokens": [
      "Wolfgang",
      "Kaleck",
      "(",
      "born",
      "1960",
      ")",
      "is",
      "a",
      "German",
      "civil",
      "rights",
      "attorney",
      "."
    ]
  },
  {
    "sid": 207,
    "input_tokens": [
      "Highway",
      "725",
      "is",
      "about",
      "19 km",
      "(",
      "12 mi",
      "."
    ]
  },
  {
    "sid": 208,
    "input_tokens": [
      "Royal",
      "Russia",
      "—",
      "The",
      "fate",
      "of",
      "the",
      "Romanovs",
      ":",
      "The",
      "SurvivorsDeathsAlmanach",
      "de",
      "Gotha",
      "(",
      "186th",
      "ed",
      "."
    ]
  },
  {
    "sid": 209,
    "input_tokens": [
      "New",
      "Kind",
      "of",
      "Feeling",
      "by",
      "Anne",
      "Murray",
      "at",
      "AllmusicWhitburn",
      ",",
      "Joel",
      "(",
      "2004",
      ")",
      "."
    ]
  },
  {
    "sid": 210,
    "input_tokens": [
      "ISBN",
      "0-7946-0435-8",
      ",",
      "ISBN",
      "978-0-7946-0435-6",
      "."
    ]
  },
  {
    "sid": 211,
    "input_tokens": [
      "\"",
      "Prognastic",
      "reasoning",
      "for",
      "Tropical",
      "Depression",
      "14",
      "W",
      "2009-09-10 03",
      "z",
      "\"",
      "."
    ]
  },
  {
    "sid": 212,
    "input_tokens": [
      "Miller's",
      "dismissal",
      "triggered",
      "a",
      "collapse",
      "and",
      "Australia",
      "lost",
      "5/54",
      "to",
      "be",
      "all",
      "out",
      "for",
      "552",
      "."
    ]
  },
  {
    "sid": 213,
    "input_tokens": [
      "In",
      "2007",
      "-",
      "2008",
      "Crawford",
      "averaged",
      "20.6",
      "points",
      ",",
      "2.6",
      "rebounds",
      "and",
      "5.0",
      "assists",
      "."
    ]
  },
  {
    "sid": 214,
    "input_tokens": [
      "The",
      "system",
      "has",
      "virtual",
      "universal",
      "coverage",
      ",",
      "with",
      "about",
      "99%",
      "of",
      "people",
      "having",
      "insurance",
      "."
    ]
  },
  {
    "sid": 215,
    "input_tokens": [
      "This",
      "is",
      "a",
      "hominid",
      "site",
      "as",
      "modern",
      "Homo",
      "sapiens",
      "did",
      "not",
      "appear",
      "until",
      "around",
      "50,000",
      "years",
      "ago",
      "."
    ]
  },
  {
    "sid": 216,
    "input_tokens": [
      "Nintendo's",
      "Wii",
      "also",
      "contains",
      "64 MB",
      "of",
      "GDDR",
      "3",
      "memory",
      "."
    ]
  },
  {
    "sid": 217,
    "input_tokens": [
      "At",
      "the",
      "junction",
      "of",
      "5th",
      "and",
      "PA",
      "65",
      "/",
      "PA",
      "288",
      ",",
      "it",
      "turns",
      "east",
      "and",
      "follows",
      "PA",
      "65/288",
      "."
    ]
  },
  {
    "sid": 218,
    "input_tokens": [
      "The",
      "Russian",
      "Atlantis",
      "\"",
      ",",
      "ISBN",
      "5-7867-0060-7",
      ",",
      "ISBN",
      "5-224-01318-6",
      "The",
      "Prussian",
      "Polish",
      "Situation",
      ":",
      "An",
      "experiment",
      "in",
      "Assimilation",
      "by",
      "W.I.",
      "Thomas",
      "."
    ]
  },
  {
    "sid": 219,
    "input_tokens": [
      "Dakin",
      "studied",
      "for",
      "ordination",
      "at",
      "King's",
      "College",
      "London",
      "and",
      "was",
      "ordained",
      "deacon",
      "in",
      "1993",
      "and",
      "priest",
      "in",
      "1994",
      "."
    ]
  },
  {
    "sid": 220,
    "input_tokens": [
      "The",
      "average",
      "household",
      "size",
      "was",
      "2.49",
      "and",
      "the",
      "average",
      "family",
      "size",
      "was",
      "2.97",
      "."
    ]
  },
  {
    "sid": 221,
    "input_tokens": [
      "\"",
      "Mellanox",
      "Enables",
      "100Gb/s",
      "Interconnect",
      "Solution",
      "with",
      "Introduction",
      "of",
      "ConnectX-",
      "4",
      "Adapter",
      "\"",
      "."
    ]
  },
  {
    "sid": 222,
    "input_tokens": [
      "The",
      "Navy",
      "used",
      "the",
      "first",
      "and",
      "fourth",
      "cylinder",
      "type",
      ",",
      "and",
      "was",
      "1 7/8",
      "inches",
      "long",
      "."
    ]
  },
  {
    "sid": 223,
    "input_tokens": [
      "In",
      "August",
      "a",
      "half",
      "share",
      "in",
      "the",
      "colt",
      "was",
      "sold",
      "back",
      "to",
      "his",
      "breeder",
      "for",
      "$4,500,000",
      "."
    ]
  },
  {
    "sid": 224,
    "input_tokens": [
      "Tim",
      "and",
      "Pete",
      ",",
      "James",
      "Robert",
      "Baker",
      ",",
      "Ringpull",
      ",",
      "1995",
      ",",
      "ISBN",
      "1-898051-22-4",
      ",",
      "ISBN",
      "978-1-898051-22-0",
      "."
    ]
  },
  {
    "sid": 225,
    "input_tokens": [
      "This",
      "was",
      "subsequently",
      "shifted",
      "to",
      "a",
      "rebroadcast",
      "at",
      "12:30",
      "in",
      "September 2008",
      "."
    ]
  }
]